Yield (Pounds/ Harvested Area),COTTON YIELD (Kg per ha),Cotton_Price[Dollar/ton]
549.1326079694951,3052.771258088522,1151.7627234269546
857.5151470299271,4236.904419612883,1200.2100743923322
1287.4184543927345,3110.418684959417,1440.287340047065
1212.4181001005948,4345.193118715281,1613.583093091387
527.1867698016006,4143.049029397947,1244.9276345521398
700.5883921952292,5483.5324857812475,995.2082129764948
0.0,1944.8285686373702,1086.870300189751
382.3728035361377,1162.8836936950706,1316.8732834870596
0.0,0.0,1687.6824330946652
631.2540267638129,991.2513015747066,1449.0265560341716
578.0202050397635,0.0,1252.957639734368
761.1256983734563,0.0,1252.7754475562626
503.98918405883,0.0,1469.7007603392567
848.6617208597219,0.0,1525.7593316956363
0.0,866.629000091552,1285.5335569319243
471.7453052511954,0.0,1099.8689989269633
569.9124646347082,0.0,983.794805917473
565.3854856325113,0.0,1085.7022029325583
445.8669529353064,0.0,1145.6932739212596
712.5757627624554,0.0,1089.3956097058738
633.2885525665646,0.0,0.0
756.9036605697514,0.0,0.0
1268.7736138385856,0.0,0.0
1285.514868748308,0.0,0.0
605.6084846918599,0.0,0.0
696.5330095102148,0.0,0.0
0.0,137.91012514829583,0.0
327.94552316512573,2009.9671942620676,0.0
0.0,0.0,0.0
639.233359329275,396.33230219057697,0.0
676.6303996987639,0.0,0.0
768.6704422296624,0.0,0.0
617.8761151719376,2160.894691073886,0.0
832.8438548373491,5461.906204843543,0.0
0.0,8059.670291185446,0.0
485.7108610865126,1679.7159627616456,0.0
611.0149507694018,7114.401301765444,0.0
563.17792284184,0.0,0.0
454.4630887963251,0.0,0.0
639.0520796871916,8477.201848599241,0.0
722.4469482463253,9164.518094253552,0.0
765.8637412860451,5227.258345189077,0.0
1251.9418678386503,5237.742607498165,0.0
1373.3035405084763,4112.764935815332,0.0
561.658868785704,2016.7468930072607,0.0
736.237684705004,4154.449252319186,0.0
0.0,3860.617136478454,0.0
391.0733760555377,4467.656746459568,0.0
0.0,4168.639839935289,0.0
574.7026133432136,4243.026849222172,0.0
756.3790046397596,0.0,0.0
610.3086973238636,3710.3902401924975,0.0
582.3679628156125,0.0,0.0
849.7391817923369,0.0,0.0
0.0,3219.8763637542615,0.0
476.2727519158209,0.0,0.0
549.9719339847633,0.0,0.0
541.0486692578797,22412.200325202997,0.0
448.4660619248078,0.0,0.0
733.9144971384841,0.0,0.0
569.5571053687297,0.0,0.0
796.2647898841109,23093.356385804407,0.0
1289.0427593308636,0.0,0.0
1223.9553970964691,0.0,0.0
600.1572047464681,0.0,0.0
672.4888434863424,0.0,0.0
0.0,0.0,0.0
358.8523837286212,0.0,0.0
0.0,0.0,0.0
642.1092417215473,0.0,0.0
760.9846535202112,2820.823552094752,0.0
719.4005645811634,2647.9386400474236,0.0
638.4135648757684,0.0,0.0
851.5213836785371,2064.162816643719,0.0
0.0,3116.956345583493,0.0
506.3405833447284,2112.8856950061436,0.0
675.3737117730152,2171.2388350009883,0.0
631.2348623093774,2177.5610207080654,0.0
443.93538112935744,1902.1747180545574,0.0
659.964478789549,1529.120673465776,0.0
511.38697105659446,1917.1302523791796,0.0
788.522442922874,2176.752950227257,0.0
1269.510602772714,0.0,0.0
1215.0002684081112,2908.19864795208,0.0
664.8478046482559,0.0,0.0
544.2208289374205,0.0,0.0
0.0,0.0,0.0
330.18417827910133,0.0,0.0
0.0,0.0,0.0
642.169773688874,0.0,0.0
757.4708944332785,22051.709153556818,0.0
734.0780822608054,0.0,0.0
703.0128817748281,0.0,0.0
890.9082952493536,0.0,0.0
0.0,0.0,0.0
519.4330593471115,0.0,0.0
648.0020061279133,4047.1107332149304,0.0
550.4549372701183,0.0,0.0
489.205823058754,0.0,0.0
638.1976381899326,0.0,0.0
608.4041614002949,0.0,0.0
789.7521116672945,0.0,0.0
1253.6788671904378,0.0,0.0
1279.5830415690582,0.0,0.0
563.6447561881636,0.0,0.0
768.557512850909,0.0,0.0
0.0,0.0,0.0
372.5581474785862,0.0,0.0
0.0,0.0,0.0
703.1501194205214,0.0,0.0
612.8074210561338,0.0,0.0
715.1811526967809,0.0,0.0
624.7539883345835,0.0,0.0
846.5594190017754,0.0,0.0
0.0,1440.2946816444396,0.0
507.4982143144056,2407.4518531799295,0.0
556.2731212940604,1039.2374640464745,0.0
619.5678816141013,959.2536664499165,0.0
436.195556649772,2061.094837379451,0.0
835.3087111823261,1981.3770286321972,0.0
541.3527964749776,705.5292380367093,0.0
695.0406570419078,877.7495550927285,0.0
1288.8073295815052,0.0,0.0
1229.4333102748064,0.0,0.0
584.2922562661246,1229.2029715269757,0.0
698.588168579853,0.0,0.0
0.0,0.0,0.0
398.1806893861149,3135.7726604646405,0.0
0.0,0.0,0.0
700.8834418289331,0.0,0.0
810.4222773303275,2025.6150139035392,0.0
753.09098774671,1368.2470326364355,0.0
564.3211230825636,2020.719437956809,0.0
795.3653833402055,2158.5904175281553,0.0
0.0,2599.5296208364593,0.0
491.7421037761427,1925.7329190254652,0.0
494.0110534276299,2142.162989997859,0.0
581.4045584129959,1884.1993172431523,0.0
477.3218067408044,2131.1680428028144,0.0
706.8007448205722,1609.4025312423712,0.0
598.3774788587757,1716.02752971649,0.0
720.7870298964364,1074.3268641948655,0.0
1297.3487925625554,1741.2017129083358,0.0
1110.3583292202238,2393.1253217220287,0.0
581.9679939960264,3349.551692676542,0.0
720.0960856852656,1374.8657667540008,0.0
0.0,1692.558015136408,0.0
410.8092563541873,2136.8574120759945,0.0
0.0,2059.6436102897537,0.0
569.6581792003908,0.0,0.0
740.455543577438,3016.265767860409,0.0
705.7817815312319,0.0,0.0
490.7299354389307,1782.418120765729,0.0
768.1503138689988,0.0,0.0
0.0,2098.013568115229,0.0
475.8336111612553,2783.9100255489357,0.0
626.8903062733891,2799.662428751661,0.0
568.4277400476948,0.0,0.0
448.3232636200172,3545.2955332755982,0.0
671.16804412466,0.0,0.0
656.6936568667577,0.0,0.0
730.1654577654251,0.0,0.0
1342.3474609059424,0.0,0.0
1200.1595016804793,0.0,0.0
637.7964779673506,1129.0058439254828,0.0
753.3003708934015,0.0,0.0
0.0,0.0,0.0
386.6393091444658,0.0,0.0
0.0,5006.968120574949,0.0
584.209158868118,6327.552610778797,0.0
813.540519848512,7336.00206253528,0.0
710.7299191378195,5414.3990203857375,0.0
602.2027567654852,4597.679043197628,0.0
867.1775735508851,3025.1213747500424,0.0
0.0,3186.93427666164,0.0
311.8670270236141,3832.4927409172014,0.0
578.865154542315,9847.800563638786,0.0
545.5369865186135,3135.560097193712,0.0
424.1492675197278,1726.2771461248713,0.0
686.3467453852468,1399.905126667067,0.0
535.8541343483168,1690.8197378873163,0.0
801.1788526709123,1751.6815969169756,0.0
1283.1422548906082,3265.754601526248,0.0
1224.2206687229752,2667.3294923718536,0.0
677.6837073698068,1781.2153987049612,0.0
609.0018251545564,2497.744885581351,0.0
0.0,2949.712548041346,0.0
402.2608499741328,3245.23728836776,0.0
0.0,3135.8947133064253,0.0
636.111268720458,924.1378085136811,0.0
616.498762252601,4146.68912091805,0.0
740.7590528527411,0.0,0.0
557.0480569709096,3663.285190343867,0.0
836.0583506689143,3090.958271282918,0.0
0.0,0.0,0.0
517.3013617844254,2792.9532698360053,0.0
523.4019164566014,3417.3087294578568,0.0
642.9767568771699,2259.8940690519344,0.0
495.876477840167,3395.5120715618123,0.0
732.2758929097965,3714.705401706692,0.0
677.1888519407646,2339.1131094932553,0.0
775.8174655110566,6250.178359222397,0.0
1297.6443221958486,2099.6064994573576,0.0
1224.747445391797,1619.1707537060195,0.0
672.5948763180012,3401.7519774914485,0.0
731.6048473412706,0.0,0.0
0.0,0.0,0.0
418.7593448243492,0.0,0.0
0.0,9271.083175563657,0.0
663.3163614487821,39034.944235897,0.0
578.5454558382742,9183.782698576928,0.0
734.5904314245404,27723.416398621204,0.0
611.4491053700916,36587.04000326241,0.0
824.4434992087739,27190.18829207732,0.0
0.0,20096.551126099297,0.0
536.3339319079581,27022.899002995407,0.0
601.7308681544915,1527.4495717644706,0.0
533.7136069729961,2021.3249458253376,0.0
434.1353828312329,1970.5694367408723,0.0
777.0556701467312,1917.1594574711949,0.0
600.3435803417517,1774.6780367188753,0.0
747.8335039554099,1798.7170935586387,0.0
1289.4838712686346,2017.876363134423,0.0
1168.9770786964589,0.0,0.0
566.1897416789391,692.69828167558,0.0
676.7851795075065,0.0,0.0
0.0,0.0,0.0
400.4780383911198,0.0,0.0
0.0,0.0,0.0
670.1458465440162,0.0,0.0
726.1666659442707,0.0,0.0
737.0071958991829,0.0,0.0
613.0653857599946,0.0,0.0
804.2540149763888,0.0,0.0
0.0,0.0,0.0
523.9753416134913,0.0,0.0
632.7633738328776,0.0,0.0
641.403370302756,0.0,0.0
473.6990897014646,0.0,0.0
718.1101445816455,0.0,0.0
550.6983131216308,0.0,0.0
751.8652958582546,0.0,0.0
1275.1987168972062,0.0,0.0
1238.8858238540856,0.0,0.0
574.3150846335236,0.0,0.0
676.5149005650024,0.0,0.0
0.0,0.0,0.0
309.26102725932697,0.0,0.0
0.0,0.0,0.0
655.7618959658281,0.0,0.0
647.3199507584796,0.0,0.0
716.3627572286075,0.0,0.0
650.462519254163,0.0,0.0
857.5467764793627,0.0,0.0
0.0,0.0,0.0
445.9860145329896,0.0,0.0
649.7122795169316,0.0,0.0
610.0265818114196,0.0,0.0
454.7674597810454,0.0,0.0
845.7393251492639,0.0,0.0
570.3275216828505,0.0,0.0
784.0209327749375,0.0,0.0
1263.7166978013834,0.0,0.0
1253.922925366673,0.0,0.0
653.4924999009015,0.0,0.0
686.2353008555201,0.0,0.0
0.0,0.0,0.0
356.34368756659643,0.0,0.0
0.0,0.0,0.0
608.8448245137253,0.0,0.0
728.3474873361175,0.0,0.0
651.003963320087,0.0,0.0
602.2296844422817,0.0,0.0
799.0962750726114,0.0,0.0
0.0,0.0,0.0
444.8516768936352,0.0,0.0
676.0635178009808,0.0,0.0
579.44331648697,0.0,0.0
460.09958514233216,0.0,0.0
632.462233183672,3190.139379023831,0.0
549.6971853516205,3459.5102241993036,0.0
792.3532656168961,3166.8221142769,0.0
1273.2804052924869,3610.88251800539,0.0
1390.6108599283068,3946.847310733797,0.0
536.8294529295656,3009.359987705886,0.0
646.0433641791766,1833.7829563260116,0.0
0.0,1417.9740355788715,0.0
349.2767321339145,0.0,0.0
0.0,991.0110015869136,0.0
686.1610098504075,0.0,0.0
645.8684832951512,0.0,0.0
749.9064674920068,0.0,0.0
615.0385171078149,0.0,0.0
782.0876819535825,766.2120001792915,0.0
0.0,0.0,0.0
328.6363157273086,0.0,0.0
561.497417854524,0.0,0.0
573.7784531116928,0.0,0.0
422.8676408474533,0.0,0.0
661.7075800940509,0.0,0.0
610.8357938419039,0.0,0.0
773.2145232648697,0.0,0.0
1309.6308379934771,0.0,0.0
1347.2376147991197,0.0,0.0
553.3827374276839,0.0,0.0
687.1255583066855,51.091868591308796,0.0
0.0,2713.520954524635,0.0
364.8393406781441,0.0,0.0
0.0,1721.5304737543017,0.0
562.3811580084739,0.0,0.0
713.2192726888576,0.0,0.0
667.8019420687939,2329.6164503408195,0.0
606.8969153817746,5766.32210273745,0.0
821.4319629804895,7697.421649140104,0.0
0.0,1974.808963462628,0.0
359.047096385125,7184.039622783667,0.0
543.5202792965754,0.0,0.0
608.8134755346084,0.0,0.0
507.3106344943136,8252.595087911088,0.0
751.8444024911148,8874.690867614787,0.0
678.6685971810882,4025.4960762644637,0.0
834.3631029204863,5174.860491466519,0.0
1272.9762043838516,2428.3543350305335,0.0
1378.565922907103,3025.8616825342233,0.0
519.5251376562886,8423.3695985556,0.0
662.5603154955498,4026.391934776322,0.0
0.0,3287.794989276567,0.0
413.102103238428,3421.683822822643,0.0
0.0,3830.913391239179,0.0
593.1419829920364,0.0,0.0
696.5482971045534,4277.499822711931,0.0
699.2429478468969,0.0,0.0
562.4252802770588,0.0,0.0
832.5444260331537,4218.847092914582,0.0
0.0,0.0,0.0
348.2536296805534,0.0,0.0
488.18865340674046,626.5314535691306,0.0
601.664430508656,0.0,0.0
465.35065836414833,0.0,0.0
771.7289422054947,0.0,0.0
600.8858914063713,23536.505898286094,0.0
837.241677291824,0.0,0.0
1382.3596028834254,0.0,0.0
1353.9099102743037,0.0,0.0
515.0844554628376,0.0,0.0
710.1407087438341,0.0,0.0
0.0,0.0,0.0
427.2540985334464,0.0,0.0
0.0,0.0,0.0
620.7262201012658,3275.1483577653335,0.0
780.0917638746557,2176.0312160410904,0.0
637.8197529124692,0.0,0.0
628.0085700195282,1861.7404801368632,0.0
864.1675177319876,3238.2944913014753,0.0
0.0,1951.4965448022297,0.0
363.8187652049986,2470.297323679922,0.0
507.8972004664664,1684.091767394586,0.0
604.4628573878,1837.3244339941675,0.0
433.25372971438,1678.7981377602273,0.0
784.9490285556648,1713.7075202584263,0.0
534.5082642319084,1848.9786340355913,0.0
799.2079835795254,0.0,0.0
1309.2970669700896,2771.3668060779564,0.0
1411.0417307125674,0.0,0.0
494.19406252104255,0.0,0.0
753.4001475558915,0.0,0.0
0.0,0.0,0.0
408.1417250905123,0.0,0.0
0.0,0.0,0.0
595.1224749196515,22936.287562661848,0.0
808.6758480337443,0.0,0.0
689.1703534417219,0.0,0.0
643.1680525202304,0.0,0.0
862.3330024921534,0.0,0.0
0.0,0.0,0.0
296.8387335609347,3062.96969480514,0.0
584.279767964368,0.0,0.0
626.9225714341537,0.0,0.0
437.9491291631969,0.0,0.0
726.6818744078685,0.0,0.0
531.6699070136931,0.0,0.0
798.6894733672425,0.0,0.0
1211.6571836962496,0.0,0.0
1279.2617235918792,0.0,0.0
509.5566042308536,0.0,0.0
714.2785472578087,0.0,0.0
0.0,0.0,0.0
366.99012473945385,0.0,0.0
0.0,0.0,0.0
579.6628790438606,0.0,0.0
721.824977738445,0.0,0.0
670.3226301739126,0.0,0.0
621.2780461441728,0.0,0.0
800.4331368677057,957.9614946237078,0.0
0.0,1856.804897921598,0.0
320.1935807441064,820.3814290812869,0.0
680.8321900067572,1026.4856658935362,0.0
470.85146689404246,2031.0464648008765,0.0
404.35774653751537,2673.1619061231577,0.0
757.7240051829255,759.8265081167035,0.0
0.0,969.8984542783649,0.0
0.0,0.0,0.0
0.0,0.0,0.0
0.0,1250.4562909260362,0.0
0.0,0.0,0.0
0.0,0.0,0.0
0.0,2946.451884460444,0.0
0.0,0.0,0.0
0.0,0.0,0.0
0.0,1661.6153084754571,0.0
0.0,1317.0635158837254,0.0
0.0,2416.8095254898035,0.0
0.0,2763.7448444427964,0.0
0.0,3386.4100625974766,0.0
0.0,2812.527762222275,0.0
0.0,1917.9319077968676,0.0
0.0,2567.4804316581904,0.0
0.0,2145.232518255714,0.0
0.0,1508.0447574555892,0.0
0.0,1589.9322873234719,0.0
0.0,1025.995616000887,0.0
0.0,1572.3926677522486,0.0
0.0,2128.3996828556033,0.0
0.0,3295.453016471859,0.0
0.0,1272.5019667275196,0.0
0.0,1590.3155826940028,0.0
0.0,2125.865056526659,0.0
0.0,2247.6457016021573,0.0
0.0,0.0,0.0
0.0,3037.8327564239544,0.0
0.0,0.0,0.0
0.0,1963.937980842633,0.0
0.0,0.0,0.0
0.0,629.1648420334249,0.0
0.0,1834.2142206192045,0.0
0.0,2647.8690524164836,0.0
0.0,0.0,0.0
0.0,3738.432348680504,0.0
0.0,0.0,0.0
0.0,0.0,0.0
0.0,0.0,0.0
0.0,0.0,0.0
0.0,0.0,0.0
0.0,2027.9208143234646,0.0
0.0,0.0,0.0
0.0,1148.602010226117,0.0
0.0,0.0,0.0
0.0,4157.108320617669,0.0
0.0,6516.5750114441025,0.0
0.0,5324.485175704955,0.0
0.0,5554.380613851544,0.0
0.0,4187.678573381898,0.0
0.0,2509.4728999137806,0.0
0.0,2905.2050163030635,0.0
0.0,2146.4375690460256,0.0
0.0,8142.445256675652,0.0
0.0,3288.523597908028,0.0
0.0,2235.2091262578974,0.0
0.0,2726.877922296528,0.0
0.0,1663.5185896858584,0.0
0.0,3085.862043863545,0.0
0.0,1541.348936364318,0.0
0.0,3014.389266395573,0.0
0.0,2499.4576687335966,0.0
0.0,3074.759630690288,0.0
0.0,1689.9678834109607,0.0
0.0,3738.1784657478443,0.0
0.0,3713.4072282791058,0.0
0.0,955.7288611650786,0.0
0.0,4425.746730094689,0.0
0.0,0.0,0.0
0.0,4059.0187119485267,0.0
0.0,3255.13324743095,0.0
0.0,0.0,0.0
0.0,2932.293696135739,0.0
0.0,2114.950287461303,0.0
0.0,1860.511855506944,0.0
0.0,3046.0166163921367,0.0
0.0,3535.2200288295717,0.0
0.0,2401.581838774683,0.0
0.0,6427.951828861221,0.0
0.0,1689.7422626734167,0.0
0.0,1334.2562120285222,0.0
0.0,3630.6676451206963,0.0
0.0,0.0,0.0
0.0,0.0,0.0
0.0,0.0,0.0
0.0,14973.705929183809,0.0
0.0,29669.350996589616,0.0
0.0,8823.598170226243,0.0
0.0,27584.320274353522,0.0
0.0,30947.80706125519,0.0
0.0,36256.07003173811,0.0
0.0,17282.438876548946,0.0
0.0,33317.05382041907,0.0
0.0,1516.164143705369,0.0
0.0,1781.7372138411201,0.0
0.0,1220.3627584457347,0.0
0.0,2223.8240023986336,0.0
0.0,2021.2782861233206,0.0
0.0,1458.158144050814,0.0
0.0,1779.6933436394124,0.0
0.0,0.0,0.0
0.0,924.2818540573386,0.0
0.0,0.0,0.0
0.0,0.0,0.0
0.0,0.0,0.0
0.0,0.0,0.0
0.0,0.0,0.0
0.0,0.0,0.0
0.0,0.0,0.0
0.0,0.0,0.0
0.0,0.0,0.0
0.0,0.0,0.0
0.0,0.0,0.0
0.0,0.0,0.0
0.0,0.0,0.0
0.0,0.0,0.0
0.0,0.0,0.0
0.0,0.0,0.0
0.0,0.0,0.0
0.0,0.0,0.0
0.0,0.0,0.0
0.0,0.0,0.0
0.0,0.0,0.0
0.0,0.0,0.0
0.0,0.0,0.0
0.0,0.0,0.0
0.0,0.0,0.0
0.0,0.0,0.0
0.0,0.0,0.0
0.0,0.0,0.0
0.0,0.0,0.0
0.0,0.0,0.0
0.0,0.0,0.0
0.0,0.0,0.0
0.0,0.0,0.0
0.0,0.0,0.0
0.0,0.0,0.0
0.0,0.0,0.0
0.0,0.0,0.0
0.0,0.0,0.0
0.0,0.0,0.0
0.0,0.0,0.0
0.0,0.0,0.0
0.0,0.0,0.0
0.0,0.0,0.0
0.0,0.0,0.0
0.0,0.0,0.0
0.0,0.0,0.0
0.0,0.0,0.0
0.0,0.0,0.0
0.0,0.0,0.0
0.0,0.0,0.0
0.0,0.0,0.0
0.0,0.0,0.0
0.0,0.0,0.0
0.0,0.0,0.0
0.0,3580.9354292393346,0.0
0.0,3405.342681455609,0.0
0.0,3943.1818924904264,0.0
0.0,3995.3127402782616,0.0
0.0,4468.50738973616,0.0
0.0,3190.1289428172145,0.0
0.0,2175.3432536244395,0.0
0.0,1269.823917293545,0.0
0.0,0.0,0.0
0.0,834.0000006776759,0.0
0.0,0.0,0.0
0.0,0.0,0.0
0.0,0.0,0.0
0.0,0.0,0.0
0.0,873.5899999618523,0.0
0.0,0.0,0.0
0.0,0.0,0.0
0.0,0.0,0.0
0.0,0.0,0.0
0.0,0.0,0.0
0.0,0.0,0.0
0.0,0.0,0.0
0.0,0.0,0.0
0.0,0.0,0.0
0.0,0.0,0.0
0.0,37.59400793313972,0.0
0.0,3.8164268136024986,0.0
0.0,2161.479224358971,0.0
0.0,0.0,0.0
0.0,1345.776174463629,0.0
0.0,0.0,0.0
0.0,0.0,0.0
0.0,2094.761420546103,0.0
0.0,5932.1732177734475,0.0
0.0,7747.6352557581085,0.0
0.0,3042.4592043377306,0.0
0.0,7122.3717121124355,0.0
0.0,0.0,0.0
0.0,0.0,0.0
0.0,7903.049804416717,0.0
0.0,7915.145734764579,0.0
0.0,4020.066166462967,0.0
0.0,5721.91481018066,0.0
0.0,3954.6953701203993,0.0
0.0,2665.909838965168,0.0
0.0,4316.58476257324,0.0
0.0,4148.340328693446,0.0
0.0,2050.154547500688,0.0
0.0,3300.1852621079183,0.0
0.0,4267.497671318075,0.0
0.0,0.0,0.0
0.0,3858.804065322957,0.0
0.0,0.0,0.0
0.0,0.0,0.0
0.0,3905.7020052909725,0.0
0.0,0.0,0.0
0.0,0.0,0.0
0.0,18084.463041687108,0.0
0.0,0.0,0.0
0.0,0.0,0.0
0.0,0.0,0.0
0.0,10806.495737838753,0.0
0.0,0.0,0.0
0.0,0.0,0.0
0.0,0.0,0.0
0.0,0.0,0.0
0.0,0.0,0.0
0.0,0.0,0.0
0.0,0.0,0.0
0.0,0.0,0.0
0.0,3130.504250574149,0.0
0.0,2665.4215919539342,0.0
0.0,0.0,0.0
0.0,1692.5006973266636,0.0
0.0,2716.4370671585157,0.0
0.0,1838.4229641079912,0.0
0.0,2000.4033387661464,0.0
0.0,1982.8096116325105,0.0
0.0,1828.9681152546668,0.0
0.0,3031.3915830567507,0.0
0.0,1897.5849959611955,0.0
0.0,1887.3327993911735,0.0
0.0,0.0,0.0
0.0,2494.3479852199516,0.0
0.0,0.0,0.0
0.0,0.0,0.0
0.0,0.0,0.0
0.0,0.0,0.0
0.0,0.0,0.0
0.0,0.0,0.0
0.0,23065.78039102548,0.0
0.0,0.0,0.0
0.0,0.0,0.0
0.0,0.0,0.0
0.0,0.0,0.0
0.0,0.0,0.0
0.0,4285.072270226485,0.0
0.0,0.0,0.0
0.0,0.0,0.0
0.0,0.0,0.0
0.0,0.0,0.0
0.0,0.0,0.0
0.0,0.0,0.0
0.0,0.0,0.0
0.0,0.0,0.0
0.0,0.0,0.0
0.0,0.0,0.0
0.0,0.0,0.0
0.0,0.0,0.0
0.0,0.0,0.0
0.0,0.0,0.0
0.0,0.0,0.0
0.0,0.0,0.0
0.0,0.0,0.0
0.0,1071.0537158192908,0.0
0.0,2055.9658369779577,0.0
0.0,1651.0218257904012,0.0
0.0,1379.3063586234796,0.0
0.0,2075.044532203671,0.0
0.0,1624.8294882536002,0.0
0.0,910.3359731231782,0.0
0.0,841.7403890244881,0.0
0.0,0.0,0.0
0.0,0.0,0.0
0.0,1364.5704608410556,0.0
0.0,0.0,0.0
0.0,0.0,0.0
0.0,2701.8784926087405,0.0
0.0,0.0,0.0
0.0,0.0,0.0
0.0,2673.198062133786,0.0
0.0,2309.5903040289895,0.0
0.0,2191.058283054833,0.0
0.0,2307.0942858459584,0.0
0.0,3454.662976694119,0.0
0.0,3150.7928670914157,0.0
0.0,1873.7732552528432,0.0
0.0,2740.2565940916365,0.0
0.0,2355.4219380140366,0.0
0.0,1842.6064103245665,0.0
0.0,1534.5197879195184,0.0
0.0,1057.1858872175187,0.0
0.0,1791.3143006086348,0.0
0.0,1859.551837253569,0.0
0.0,3406.5485384940994,0.0
0.0,1202.3763204578281,0.0
0.0,1481.1734222746436,0.0
0.0,1980.9091169357275,0.0
0.0,2166.1578528106184,0.0
0.0,0.0,0.0
0.0,2945.5130379676793,0.0
0.0,0.0,0.0
0.0,3504.9209963977264,0.0
0.0,0.0,0.0
0.0,1504.8869606018445,0.0
0.0,1744.977080011372,0.0
0.0,2964.18547646378,0.0
0.0,0.0,0.0
0.0,3502.1550410273094,0.0
0.0,0.0,0.0
0.0,0.0,0.0
0.0,0.0,0.0
0.0,0.0,0.0
0.0,0.0,0.0
0.0,920.0679267883376,0.0
0.0,0.0,0.0
0.0,1210.5366369724284,0.0
0.0,0.0,0.0
0.0,5170.242867374427,0.0
0.0,6243.184531012836,0.0
0.0,7159.170458613477,0.0
0.0,4767.086192274085,0.0
0.0,3221.1956687887186,0.0
0.0,2499.4807077407822,0.0
0.0,2631.3634152411073,0.0
0.0,3542.2101171493496,0.0
0.0,9830.492412149266,0.0
0.0,3000.424846529957,0.0
0.0,2283.983906161784,0.0
0.0,1298.969640302694,0.0
0.0,0.0,0.0
0.0,1940.2937156200314,0.0
0.0,1366.2169951736598,0.0
0.0,2830.4593210220364,0.0
0.0,1998.5316836595969,0.0
0.0,2677.789207935332,0.0
0.0,3491.21689369831,0.0
0.0,2751.963819819701,0.0
0.0,2109.501890754698,0.0
0.0,2787.1389985919973,0.0
0.0,5298.958755779261,0.0
0.0,0.0,0.0
0.0,3783.9105893373535,0.0
0.0,3101.1847623676513,0.0
0.0,0.0,0.0
0.0,2428.474611728222,0.0
0.0,2693.3294470310334,0.0
0.0,2598.2166699411046,0.0
0.0,1089.0479166030666,0.0
0.0,3345.3492114067035,0.0
0.0,2134.3044366598115,0.0
0.0,6492.082196903214,0.0
0.0,2309.8971939819444,0.0
0.0,1600.240482616424,0.0
0.0,3276.3636133193904,0.0
0.0,0.0,0.0
0.0,0.0,0.0
0.0,0.0,0.0
0.0,9308.664196872553,0.0
0.0,39436.10129241934,0.0
0.0,5157.928369658538,0.0
0.0,24614.972177124637,0.0
0.0,13931.822732352954,0.0
0.0,31698.467970276215,0.0
0.0,33588.43029174796,0.0
0.0,24345.36544456497,0.0
0.0,2010.6194163322468,0.0
0.0,1801.8233505052451,0.0
0.0,499.1041811943083,0.0
0.0,2088.424827909341,0.0
0.0,952.5686660051264,0.0
0.0,1211.0522681892883,0.0
0.0,1542.4709236145418,0.0
0.0,0.0,0.0
0.0,668.4967888891948,0.0
0.0,0.0,0.0
0.0,0.0,0.0
0.0,0.0,0.0
0.0,0.0,0.0
0.0,0.0,0.0
0.0,0.0,0.0
0.0,0.0,0.0
0.0,0.0,0.0
0.0,0.0,0.0
0.0,0.0,0.0
0.0,0.0,0.0
0.0,0.0,0.0
0.0,0.0,0.0
0.0,0.0,0.0
0.0,0.0,0.0
0.0,0.0,0.0
0.0,0.0,0.0
0.0,0.0,0.0
0.0,0.0,0.0
0.0,0.0,0.0
0.0,0.0,0.0
0.0,0.0,0.0
0.0,0.0,0.0
0.0,0.0,0.0
0.0,0.0,0.0
0.0,0.0,0.0
0.0,0.0,0.0
0.0,0.0,0.0
0.0,0.0,0.0
0.0,0.0,0.0
0.0,0.0,0.0
0.0,0.0,0.0
0.0,0.0,0.0
0.0,0.0,0.0
0.0,0.0,0.0
0.0,0.0,0.0
0.0,0.0,0.0
0.0,1.939137635187393e-07,0.0
0.0,0.0,0.0
0.0,0.0,0.0
0.0,0.0,0.0
0.0,0.0,0.0
0.0,0.0,0.0
0.0,0.0,0.0
0.0,0.0,0.0
0.0,0.0,0.0
0.0,0.0,0.0
0.0,0.0,0.0
0.0,0.0,0.0
0.0,0.0,0.0
0.0,0.0,0.0
0.0,0.0,0.0
0.0,0.0,0.0
0.0,0.0,0.0
0.0,3331.443369160985,0.0
0.0,3949.1658172607367,0.0
0.0,3953.1786478043455,0.0
0.0,4086.5009130955036,0.0
0.0,3983.805188846579,0.0
0.0,5147.918881028743,0.0
0.0,1586.7321738958353,0.0
0.0,1416.4296269416852,0.0
0.0,0.0,0.0
0.0,840.7489000680897,0.0
0.0,0.0,0.0
0.0,0.0,0.0
0.0,0.0,0.0
0.0,0.0,0.0
0.0,763.5390003204351,0.0
0.0,0.0,0.0
0.0,0.0,0.0
0.0,0.0,0.0
0.0,0.0,0.0
0.0,0.0,0.0
0.0,0.0,0.0
0.0,0.0,0.0
0.0,0.0,0.0
0.0,0.0,0.0
0.0,0.0,0.0
0.0,0.0,0.0
0.0,70.66647131443042,0.0
0.0,3385.863395975898,0.0
0.0,0.0,0.0
0.0,1462.736915745793,0.0
0.0,0.0,0.0
0.0,0.0,0.0
0.0,1810.5797648400276,0.0
0.0,6002.807886600513,0.0
0.0,7985.89380964646,0.0
0.0,2393.545643996432,0.0
0.0,7230.161035060881,0.0
0.0,0.0,0.0
0.0,0.0,0.0
0.0,7462.623384840548,0.0
0.0,8556.269904136643,0.0
0.0,3826.9777885103044,0.0
0.0,5482.600372147556,0.0
0.0,3663.9362017148846,0.0
0.0,2188.5120966911386,0.0
0.0,4184.918859481813,0.0
0.0,3624.980964469913,0.0
0.0,2583.4321742778848,0.0
0.0,2627.374111270902,0.0
0.0,3472.3301842690403,0.0
0.0,0.0,0.0
0.0,4818.5804677963215,0.0
0.0,2.256836982526564,0.0
0.0,0.0,0.0
0.0,4005.219588565896,0.0
0.0,0.0,0.0
0.0,0.0,0.0
0.0,723.6870375230793,0.0
0.0,0.0,0.0
0.0,0.0,0.0
0.0,0.0,0.0
0.0,13014.511020236007,0.0
0.0,0.0,0.0
0.0,0.0,0.0
0.0,0.0,0.0
0.0,0.0,0.0
0.0,0.0,0.0
0.0,0.0,0.0
0.0,0.0,0.0
0.0,0.0,0.0
0.0,3450.3493455649204,0.0
0.0,2314.752974896135,0.0
0.0,0.0,0.0
0.0,1763.4223233103824,0.0
0.0,3238.5024470463427,0.0
0.0,1876.0048775434514,0.0
0.0,2055.3384385347345,0.0
0.0,2078.6463872313634,0.0
0.0,1736.9024619698448,0.0
0.0,2457.2989313840817,0.0
0.0,1890.1220191640064,0.0
0.0,1807.0369236111665,0.0
0.0,0.0,0.0
0.0,2841.4076328754427,0.0
0.0,0.0,0.0
0.0,0.0,0.0
0.0,0.0,0.0
0.0,0.0,0.0
0.0,0.0,0.0
0.0,0.0,0.0
0.0,23491.444863128592,0.0
0.0,0.0,0.0
0.0,0.0,0.0
0.0,0.0,0.0
0.0,0.0,0.0
0.0,0.0,0.0
0.0,4427.364224076254,0.0
0.0,0.0,0.0
0.0,0.0,0.0
0.0,0.0,0.0
0.0,0.0,0.0
0.0,0.0,0.0
0.0,0.0,0.0
0.0,0.0,0.0
0.0,0.0,0.0
0.0,0.0,0.0
0.0,0.0,0.0
0.0,0.0,0.0
0.0,0.0,0.0
0.0,0.0,0.0
0.0,0.0,0.0
0.0,0.0,0.0
0.0,0.0,0.0
0.0,0.0,0.0
0.0,647.3820117071014,0.0
0.0,2205.99969712496,0.0
0.0,1009.3937880287807,0.0
0.0,1210.10575151441,0.0
0.0,2038.632076263469,0.0
0.0,1625.1830314874712,0.0
0.0,1188.541167330736,0.0
0.0,1001.4688413147394,0.0
0.0,0.0,0.0
0.0,0.0,0.0
0.0,1255.9075985923382,0.0
0.0,0.0,0.0
0.0,0.0,0.0
0.0,2733.605108144953,0.0
0.0,0.0,0.0
0.0,0.0,0.0
0.0,2160.327058291432,0.0
0.0,1530.3110713303402,0.0
0.0,1721.547775101707,0.0
0.0,2505.5771485760733,0.0
0.0,3537.706402325645,0.0
0.0,1791.565992832231,0.0
0.0,2346.0928747653943,0.0
0.0,2789.188555651882,0.0
0.0,1547.1229126930266,0.0
0.0,2063.793942803143,0.0
0.0,1553.9580720663037,0.0
0.0,1016.1244928777193,0.0
0.0,1816.7391545434675,0.0
0.0,2030.3196610927964,0.0
0.0,3400.252156543723,0.0
0.0,1343.2272852182357,0.0
0.0,1813.2715781941997,0.0
0.0,1624.0584531905554,0.0
0.0,2101.717520874653,0.0
0.0,0.0,0.0
0.0,2953.7027690887417,0.0
0.0,0.0,0.0
0.0,3042.013592165701,0.0
0.0,0.0,0.0
0.0,1719.9852191925493,0.0
0.0,1979.1390524863805,0.0
0.0,2803.225592190422,0.0
0.0,0.0,0.0
0.0,4512.870625019088,0.0
0.0,0.0,0.0
0.0,0.0,0.0
0.0,0.0,0.0
0.0,0.0,0.0
0.0,0.0,0.0
0.0,2278.7224218368538,0.0
0.0,0.0,0.0
0.0,0.0,0.0
0.0,0.0,0.0
0.0,3701.8004800796443,0.0
0.0,7280.545503220667,0.0
0.0,6550.31091230423,0.0
0.0,4833.434171438209,0.0
0.0,2155.6759280152505,0.0
0.0,2216.974509799485,0.0
0.0,2503.5974089470446,0.0
0.0,4070.6353892327174,0.0
0.0,8135.151602812697,0.0
0.0,2495.100155058122,0.0
0.0,1583.147493588888,0.0
0.0,2516.9742035016784,0.0
0.0,807.9593941570428,0.0
0.0,2237.449549001551,0.0
0.0,3222.2783020019447,0.0
0.0,2499.2618016243055,0.0
0.0,2998.6743343710873,0.0
0.0,2855.774732970887,0.0
0.0,2226.79494228363,0.0
0.0,2972.1936196446236,0.0
0.0,3341.8772737503086,0.0
0.0,2929.046768379286,0.0
0.0,4133.395171974611,0.0
0.0,0.0,0.0
0.0,4037.6328685761364,0.0
0.0,2951.1815277814812,0.0
0.0,0.0,0.0
0.0,2286.9135443687455,0.0
0.0,3236.5444015324233,0.0
0.0,3100.068004321872,0.0
0.0,2657.505667972566,0.0
0.0,3700.431535530088,0.0
0.0,2197.375184368628,0.0
0.0,5382.021311330781,0.0
0.0,1477.0639856338905,0.0
0.0,2131.492988332528,0.0
0.0,3236.7902760505667,0.0
0.0,0.0,0.0
0.0,0.0,0.0
0.0,0.0,0.0
0.0,9560.727150344941,0.0
0.0,38947.61894531243,0.0
0.0,6959.335767119417,0.0
0.0,25393.00111236621,0.0
0.0,12387.332116126754,0.0
0.0,32286.964198558424,0.0
0.0,21632.016301345866,0.0
0.0,28553.38734931982,0.0
0.0,1683.8880899429348,0.0
0.0,1719.0208903551104,0.0
0.0,876.277425098419,0.0
0.0,1963.1972365412676,0.0
0.0,2128.8891229629476,0.0
0.0,1394.3921572935794,0.0
0.0,2005.1561282396708,0.0
0.0,0.0,0.0
0.0,449.62444019321197,0.0
0.0,0.0,0.0
0.0,0.0,0.0
0.0,0.0,0.0
0.0,0.0,0.0
0.0,0.0,0.0
0.0,0.0,0.0
0.0,0.0,0.0
0.0,0.0,0.0
0.0,0.0,0.0
0.0,0.0,0.0
0.0,0.0,0.0
0.0,0.0,0.0
0.0,0.0,0.0
0.0,0.0,0.0
0.0,0.0,0.0
0.0,0.0,0.0
0.0,0.0,0.0
0.0,0.0,0.0
0.0,0.0,0.0
0.0,0.0,0.0
0.0,0.0,0.0
0.0,0.0,0.0
0.0,0.0,0.0
0.0,0.0,0.0
0.0,0.0,0.0
0.0,0.0,0.0
0.0,0.0,0.0
0.0,0.0,0.0
0.0,0.0,0.0
0.0,0.0,0.0
0.0,0.0,0.0
0.0,0.0,0.0
0.0,0.0,0.0
0.0,0.0,0.0
0.0,0.0,0.0
0.0,0.0,0.0
0.0,0.0,0.0
0.0,4.16575561747179e-07,0.0
0.0,0.0,0.0
0.0,0.0,0.0
0.0,0.0,0.0
0.0,0.0,0.0
0.0,0.0,0.0
0.0,0.0,0.0
0.0,0.0,0.0
0.0,0.0,0.0
0.0,0.0,0.0
0.0,0.0,0.0
0.0,0.0,0.0
0.0,0.0,0.0
0.0,0.0,0.0
0.0,0.0,0.0
0.0,0.0,0.0
0.0,0.0,0.0
0.0,3417.3365134756777,0.0
0.0,1989.2583236694009,0.0
0.0,3747.4621260841645,0.0
0.0,4340.979885530469,0.0
0.0,4331.395116448391,0.0
0.0,4462.050386333457,0.0
0.0,1916.8486293554342,0.0
0.0,1430.6093381225062,0.0
0.0,0.0,0.0
0.0,988.7457733049137,0.0
0.0,0.0,0.0
0.0,0.0,0.0
0.0,0.0,0.0
0.0,0.0,0.0
0.0,889.2680002212519,0.0
0.0,0.0,0.0
0.0,0.0,0.0
0.0,0.0,0.0
0.0,0.0,0.0
0.0,0.0,0.0
0.0,0.0,0.0
0.0,0.0,0.0
0.0,0.0,0.0
0.0,0.0,0.0
0.0,0.0,0.0
0.0,0.0,0.0
0.0,142.8643274664874,0.0
0.0,3918.586021496538,0.0
0.0,0.0,0.0
0.0,1377.2605426328241,0.0
0.0,0.0,0.0
0.0,0.0,0.0
0.0,2402.765812812386,0.0
0.0,3931.7653314590484,0.0
0.0,7591.5976783275555,0.0
0.0,1757.7799610323507,0.0
0.0,7407.977115821832,0.0
0.0,0.0,0.0
0.0,0.0,0.0
0.0,8155.880539432591,0.0
0.0,8767.762457466102,0.0
0.0,2970.5773891449203,0.0
0.0,5069.892670822141,0.0
0.0,3960.5873433964043,0.0
0.0,2546.8210844755235,0.0
0.0,9156.87814521788,0.0
0.0,2870.138252735209,0.0
0.0,2682.7818026781874,0.0
0.0,3669.5241846084587,0.0
0.0,2795.19659166335,0.0
0.0,0.0,0.0
0.0,4497.48438444138,0.0
0.0,140.48889486454038,0.0
0.0,0.0,0.0
0.0,3876.211512851704,0.0
0.0,0.0,0.0
0.0,0.0,0.0
0.0,5580.639131928081,0.0
0.0,0.0,0.0
0.0,0.0,0.0
0.0,0.0,0.0
0.0,24111.884515000573,0.0
0.0,0.0,0.0
0.0,0.0,0.0
0.0,0.0,0.0
0.0,0.0,0.0
0.0,0.0,0.0
0.0,0.0,0.0
0.0,0.0,0.0
0.0,0.0,0.0
0.0,3148.70236358686,0.0
0.0,2403.7420242547973,0.0
0.0,0.0,0.0
0.0,1837.0706883439493,0.0
0.0,2694.7788901269364,0.0
0.0,1842.2965756403344,0.0
0.0,2218.2277831882184,0.0
0.0,2128.3619359633626,0.0
0.0,1268.4493581295062,0.0
0.0,2783.409116072955,0.0
0.0,1702.4490417003676,0.0
0.0,1710.2737351894402,0.0
0.0,0.0,0.0
0.0,2414.593060809377,0.0
0.0,0.0,0.0
0.0,0.0,0.0
0.0,0.0,0.0
0.0,0.0,0.0
0.0,0.0,0.0
0.0,0.0,0.0
0.0,17992.231813239985,0.0
0.0,0.0,0.0
0.0,0.0,0.0
0.0,0.0,0.0
0.0,0.0,0.0
0.0,0.0,0.0
0.0,4459.812816786763,0.0
0.0,0.0,0.0
0.0,0.0,0.0
0.0,0.0,0.0
0.0,0.0,0.0
0.0,0.0,0.0
0.0,0.0,0.0
0.0,0.0,0.0
0.0,0.0,0.0
0.0,0.0,0.0
0.0,0.0,0.0
0.0,0.0,0.0
0.0,0.0,0.0
0.0,0.0,0.0
0.0,0.0,0.0
0.0,0.0,0.0
0.0,0.0,0.0
0.0,0.0,0.0
0.0,166.86293492317282,0.0
0.0,2325.297554922101,0.0
0.0,562.5266490708037,0.0
0.0,1368.7928965568296,0.0
0.0,2057.935417544837,0.0
0.0,2693.822989630705,0.0
0.0,915.1902034998204,0.0
0.0,921.4004418725517,0.0
0.0,0.0,0.0
0.0,0.0,0.0
0.0,1199.1865348848328,0.0
0.0,50.47214378157501,0.0
0.0,0.0,0.0
0.0,2755.035615328028,0.0
0.0,0.0,0.0
0.0,0.0,0.0
0.0,2029.7389439582855,0.0
0.0,2439.644979947807,0.0
0.0,1954.70247430806,0.0
0.0,2486.174758107582,0.0
0.0,3533.001765322688,0.0
0.0,2884.4227833041105,0.0
0.0,1911.5089611053877,0.0
0.0,2732.5122966110484,0.0
0.0,2318.657497072225,0.0
0.0,2129.5172518372583,0.0
0.0,1556.5753684759147,0.0
0.0,1304.0538465261445,0.0
0.0,1803.0351989523435,0.0
0.0,1650.917185544974,0.0
0.0,3422.628268527974,0.0
0.0,1381.7664254426916,0.0
0.0,1643.7961036711927,0.0
0.0,1866.9265882613554,0.0
0.0,1907.5974555671648,0.0
0.0,0.0,0.0
0.0,2959.271610069265,0.0
0.0,0.0,0.0
0.0,3874.7204803466716,0.0
0.0,0.0,0.0
0.0,1576.4505994797246,0.0
0.0,3000.2287206172923,0.0
0.0,2963.3191713333204,0.0
0.0,0.0,0.0
0.0,3823.6378217982938,0.0
0.0,0.0,0.0
0.0,0.0,0.0
0.0,0.0,0.0
0.0,0.0,0.0
0.0,0.0,0.0
0.0,1549.2800958633813,0.0
0.0,0.0,0.0
0.0,1737.4428757667486,0.0
0.0,0.0,0.0
0.0,2419.9414878845246,0.0
0.0,7476.464754477794,0.0
0.0,5339.86196229965,0.0
0.0,4592.953748464583,0.0
0.0,2544.0629244774404,0.0
0.0,2432.398453092577,0.0
0.0,2655.798011946538,0.0
0.0,2696.816867065426,0.0
0.0,9829.975643757636,0.0
0.0,2848.5956652742034,0.0
0.0,2675.1604809329497,0.0
0.0,1332.4413483081646,0.0
0.0,870.7225699698007,0.0
0.0,2446.700036623997,0.0
0.0,3398.1852999627517,0.0
0.0,3355.6446475028997,0.0
0.0,3001.5546044111325,0.0
0.0,2853.9250827356045,0.0
0.0,1541.3475877995024,0.0
0.0,3146.145888376232,0.0
0.0,3334.994629383077,0.0
0.0,2937.040371537216,0.0
0.0,5136.284756660454,0.0
0.0,0.0,0.0
0.0,3379.2353698253646,0.0
0.0,2967.9664502763467,0.0
0.0,0.0,0.0
0.0,2258.7279009819076,0.0
0.0,3613.424442759161,0.0
0.0,2830.2061831472706,0.0
0.0,3273.358900117874,0.0
0.0,3653.855158228107,0.0
0.0,2429.3064770460137,0.0
0.0,5274.442105245577,0.0
0.0,2290.35891410271,0.0
0.0,1537.8564791662102,0.0
0.0,2564.0563887596213,0.0
0.0,0.0,0.0
0.0,0.0,0.0
0.0,0.0,0.0
0.0,13482.552526855729,0.0
0.0,41522.09473111417,0.0
0.0,8672.593992614578,0.0
0.0,27900.330389404862,0.0
0.0,30498.753187808765,0.0
0.0,25980.81512985227,0.0
0.0,21330.26087951658,0.0
0.0,22920.929879972984,0.0
0.0,1637.3179552674312,0.0
0.0,1883.0486977845396,0.0
0.0,203.64678721429576,0.0
0.0,1930.552055907289,0.0
0.0,2065.7887732505756,0.0
0.0,1133.4609715295055,0.0
0.0,1778.5802085638438,0.0
0.0,0.0,0.0
0.0,495.7292153835669,0.0
0.0,0.0,0.0
0.0,0.0,0.0
0.0,0.0,0.0
0.0,0.0,0.0
0.0,0.0,0.0
0.0,0.0,0.0
0.0,0.0,0.0
0.0,0.0,0.0
0.0,0.0,0.0
0.0,0.0,0.0
0.0,0.0,0.0
0.0,0.0,0.0
0.0,0.0,0.0
0.0,0.0,0.0
0.0,0.0,0.0
0.0,0.0,0.0
0.0,0.0,0.0
0.0,0.0,0.0
0.0,0.0,0.0
0.0,0.0,0.0
0.0,0.0,0.0
0.0,0.0,0.0
0.0,0.0,0.0
0.0,0.0,0.0
0.0,0.0,0.0
0.0,0.0,0.0
0.0,0.0,0.0
0.0,0.0,0.0
0.0,0.0,0.0
0.0,0.0,0.0
0.0,0.0,0.0
0.0,0.0,0.0
0.0,0.0,0.0
0.0,0.0,0.0
0.0,0.0,0.0
0.0,0.0,0.0
0.0,0.0,0.0
0.0,0.0,0.0
0.0,0.0,0.0
0.0,0.0,0.0
0.0,0.0,0.0
0.0,0.0,0.0
0.0,0.0,0.0
0.0,0.0,0.0
0.0,0.0,0.0
0.0,0.0,0.0
0.0,0.0,0.0
0.0,0.0,0.0
0.0,0.0,0.0
0.0,0.0,0.0
0.0,0.0,0.0
0.0,0.0,0.0
0.0,0.0,0.0
0.0,0.0,0.0
0.0,3956.585341966223,0.0
0.0,3854.0152336596702,0.0
0.0,2765.234341454522,0.0
0.0,4336.592149972914,0.0
0.0,2999.686322069177,0.0
0.0,3648.9382232964253,0.0
0.0,2262.7381548523826,0.0
0.0,1268.795796775813,0.0
0.0,0.0,0.0
0.0,990.8479293928392,0.0
0.0,0.0,0.0
0.0,0.0,0.0
0.0,0.0,0.0
0.0,0.0,0.0
0.0,773.2319999694831,0.0
0.0,0.0,0.0
0.0,0.0,0.0
0.0,0.0,0.0
0.0,0.0,0.0
0.0,0.0,0.0
0.0,0.0,0.0
0.0,0.0,0.0
0.0,0.0,0.0
0.0,0.0,0.0
0.0,0.0,0.0
0.0,50.14959641120294,0.0
0.0,81.38696523904815,0.0
0.0,3074.5045902731795,0.0
0.0,0.0,0.0
0.0,1405.0212902499445,0.0
0.0,0.0,0.0
0.0,0.0,0.0
0.0,3594.2130203247943,0.0
0.0,0.0,0.0
0.0,4222.780283451065,0.0
0.0,153.2557834865194,0.0
0.0,0.0,0.0
0.0,3635.6170350074635,0.0
0.0,0.0,0.0
0.0,0.0,0.0
0.0,0.0,0.0
0.0,0.0,0.0
0.0,0.0,0.0
0.0,0.0,0.0
0.0,0.0,0.0
0.0,1.777919233602453e-08,0.0
0.0,0.0,0.0
0.0,0.0,0.0
0.0,0.0,0.0
0.0,0.0,0.0
0.0,0.0,0.0
0.0,0.0,0.0
0.0,0.0,0.0
0.0,3195.4174690370137,0.0
0.0,1396.9464287757476,0.0
0.0,0.0,0.0
0.0,1676.7937392473223,0.0
0.0,2618.990520906455,0.0
0.0,1967.6117694020686,0.0
0.0,2070.584461557868,0.0
0.0,2183.6065347671465,0.0
0.0,1506.3979593276997,0.0
0.0,2634.406745362289,0.0
0.0,1728.0306588649805,0.0
0.0,2169.6118987960263,0.0
0.0,0.0,0.0
0.0,2989.3415918588635,0.0
0.0,0.0,0.0
0.0,0.0,0.0
0.0,0.0,0.0
0.0,0.0,0.0
0.0,0.0,0.0
0.0,0.0,0.0
0.0,14554.184755897775,0.0
0.0,0.0,0.0
0.0,0.0,0.0
0.0,0.0,0.0
0.0,0.0,0.0
0.0,0.0,0.0
0.0,3621.6129791022086,0.0
0.0,0.0,0.0
0.0,0.0,0.0
0.0,0.0,0.0
0.0,0.0,0.0
0.0,0.0,0.0
0.0,0.0,0.0
0.0,0.0,0.0
0.0,0.0,0.0
0.0,0.0,0.0
0.0,0.0,0.0
0.0,0.0,0.0
0.0,0.0,0.0
0.0,0.0,0.0
0.0,0.0,0.0
0.0,0.0,0.0
0.0,0.0,0.0
0.0,0.0,0.0
0.0,279.80937113222575,0.0
0.0,2065.801937305927,0.0
0.0,1288.4094781875567,0.0
0.0,1681.8625470161187,0.0
0.0,2070.101350665089,0.0
0.0,2110.1662582874346,0.0
0.0,1155.729368019106,0.0
0.0,726.0772596359267,0.0
0.0,0.0,0.0
0.0,0.0,0.0
0.0,1193.1324316322757,0.0
0.0,218.27071213621818,0.0
0.0,0.0,0.0
0.0,3038.296431106129,0.0
0.0,0.0,0.0
0.0,0.0,0.0
0.0,1657.8436313390687,0.0
0.0,2525.904938229561,0.0
0.0,1736.0024812937245,0.0
0.0,2489.0308305205926,0.0
0.0,3971.0282917022873,0.0
0.0,1880.9374970436145,0.0
0.0,2404.260575580592,0.0
0.0,2747.7491956531785,0.0
0.0,2152.8322229385385,0.0
0.0,1906.8916160130645,0.0
0.0,1570.2455028891577,0.0
0.0,1062.554583185907,0.0
0.0,1944.3515867174087,0.0
0.0,1999.6119758129498,0.0
0.0,3707.262183570858,0.0
0.0,1266.5126718368342,0.0
0.0,1798.1102902650828,0.0
0.0,2036.1041296124838,0.0
0.0,2135.49628025881,0.0
0.0,0.0,0.0
0.0,2395.4683835983205,0.0
0.0,0.0,0.0
0.0,3494.68733520507,0.0
0.0,0.0,0.0
0.0,797.1799995422293,0.0
0.0,1951.187868928882,0.0
0.0,3026.480939583248,0.0
0.0,0.0,0.0
0.0,3226.7360088348432,0.0
0.0,0.0,0.0
0.0,0.0,0.0
0.0,0.0,0.0
0.0,0.0,0.0
0.0,0.0,0.0
0.0,969.621735445129,0.0
0.0,0.0,0.0
0.0,1255.8067352294997,0.0
0.0,0.0,0.0
0.0,4215.904627227779,0.0
0.0,6886.992895317083,0.0
0.0,6119.103203373261,0.0
0.0,5666.753285789491,0.0
0.0,3041.723975201911,0.0
0.0,1883.1655904292727,0.0
0.0,2687.783336925508,0.0
0.0,2558.4590828895543,0.0
0.0,9849.564569622326,0.0
0.0,3457.1287317276056,0.0
0.0,1579.8637919783962,0.0
0.0,2382.552259002355,0.0
0.0,3011.3253584622635,0.0
0.0,2044.2242114841843,0.0
0.0,1536.1885825097636,0.0
0.0,3512.724699783333,0.0
0.0,2693.6724251747187,0.0
0.0,3133.3524746353146,0.0
0.0,3390.261357259754,0.0
0.0,3073.7808579862226,0.0
0.0,1288.6158032417593,0.0
0.0,3563.2011164256032,0.0
0.0,5272.3822358369725,0.0
0.0,0.0,0.0
0.0,3664.938281822222,0.0
0.0,3299.1540928125382,0.0
0.0,0.0,0.0
0.0,2862.8255851279405,0.0
0.0,3120.2604649454347,0.0
0.0,1724.529097938305,0.0
0.0,2986.0021298885217,0.0
0.0,3787.5830865383123,0.0
0.0,2170.316023111325,0.0
0.0,5523.374115943906,0.0
0.0,2451.5934768229504,0.0
0.0,1275.561542062453,0.0
0.0,3351.0886548354574,0.0
0.0,0.0,0.0
0.0,0.0,0.0
0.0,0.0,0.0
0.0,8190.828576660418,0.0
0.0,40026.218231201114,0.0
0.0,10005.753483581568,0.0
0.0,22186.936928558967,0.0
0.0,12764.78462066692,0.0
0.0,34659.65539385548,0.0
0.0,16575.28309326178,0.0
0.0,27575.222212597288,0.0
0.0,1560.8393677115873,0.0
0.0,1748.8880656242382,0.0
0.0,1184.7618641376478,0.0
0.0,1983.8671557459425,0.0
0.0,2210.8694869041396,0.0
0.0,1427.3050441025703,0.0
0.0,1743.0118209838865,0.0
0.0,0.0,0.0
0.0,141.86750965120066,0.0
0.0,0.0,0.0
0.0,0.0,0.0
0.0,0.0,0.0
0.0,0.0,0.0
0.0,0.0,0.0
0.0,0.0,0.0
0.0,0.0,0.0
0.0,0.0,0.0
0.0,0.0,0.0
0.0,0.0,0.0
0.0,0.0,0.0
0.0,0.0,0.0
0.0,0.0,0.0
0.0,0.0,0.0
0.0,0.0,0.0
0.0,0.0,0.0
0.0,0.0,0.0
0.0,0.0,0.0
0.0,0.0,0.0
0.0,0.0,0.0
0.0,0.0,0.0
0.0,0.0,0.0
0.0,0.0,0.0
0.0,0.0,0.0
0.0,0.0,0.0
0.0,0.0,0.0
0.0,0.0,0.0
0.0,0.0,0.0
0.0,0.0,0.0
0.0,0.0,0.0
0.0,0.0,0.0
0.0,0.0,0.0
0.0,0.0,0.0
0.0,0.0,0.0
0.0,0.0,0.0
0.0,0.0,0.0
0.0,0.0,0.0
0.0,0.0,0.0
0.0,0.0,0.0
0.0,0.0,0.0
0.0,0.0,0.0
0.0,0.0,0.0
0.0,0.0,0.0
0.0,0.0,0.0
0.0,0.0,0.0
0.0,0.0,0.0
0.0,0.0,0.0
0.0,0.0,0.0
0.0,0.0,0.0
0.0,0.0,0.0
0.0,0.0,0.0
0.0,0.0,0.0
0.0,0.0,0.0
0.0,0.0,0.0
0.0,4121.195106381175,0.0
0.0,3019.0790905475637,0.0
0.0,3131.688224697124,0.0
0.0,4526.109309101087,0.0
0.0,3770.535844326024,0.0
0.0,3671.3451440633307,0.0
0.0,1884.0960189342534,0.0
0.0,1435.4091093360375,0.0
0.0,0.0,0.0
0.0,833.3753343381745,0.0
0.0,0.0,0.0
0.0,0.0,0.0
0.0,0.0,0.0
0.0,0.0,0.0
0.0,866.6290000915517,0.0
0.0,0.0,0.0
0.0,0.0,0.0
0.0,0.0,0.0
0.0,0.0,0.0
0.0,0.0,0.0
0.0,0.0,0.0
0.0,0.0,0.0
0.0,0.0,0.0
0.0,0.0,0.0
0.0,0.0,0.0
0.0,0.4684281408786582,0.0
0.0,14.363720912935152,0.0
0.0,1689.0583170480131,0.0
0.0,0.0,0.0
0.0,1560.732940558397,0.0
0.0,0.0,0.0
0.0,0.0,0.0
0.0,4566.796659004691,0.0
0.0,0.0,0.0
0.0,4010.050474121777,0.0
0.0,152.9226227066645,0.0
0.0,0.0,0.0
0.0,3277.26863298415,0.0
0.0,0.0,0.0
0.0,0.6922880408167594,0.0
0.0,18968.93420867934,0.0
0.0,0.0,0.0
0.0,0.0,0.0
0.0,0.0,0.0
0.0,43565.032842637265,0.0
0.0,0.0,0.0
0.0,0.0,0.0
0.0,0.0,0.0
0.0,0.0,0.0
0.0,0.0,0.0
0.0,0.0,0.0
0.0,0.0,0.0
0.0,0.0,0.0
0.0,3402.7430458954523,0.0
0.0,1427.410485529902,0.0
0.0,0.0,0.0
0.0,1337.6671060562148,0.0
0.0,2938.285766930874,0.0
0.0,2090.9984608650166,0.0
0.0,2272.6386788130008,0.0
0.0,2007.9766356495827,0.0
0.0,1638.2643923640135,0.0
0.0,2280.0280807733593,0.0
0.0,1889.7202012300536,0.0
0.0,1931.5669468879723,0.0
0.0,0.0,0.0
0.0,2707.6071417391345,0.0
0.0,0.0,0.0
0.0,0.0,0.0
0.0,0.0,0.0
0.0,0.0,0.0
0.0,0.0,0.0
0.0,0.0,0.0
0.0,14242.447540282923,0.0
0.0,0.0,0.0
0.0,0.0,0.0
0.0,0.0,0.0
0.0,0.0,0.0
0.0,0.0,0.0
0.0,4300.231169128418,0.0
0.0,0.0,0.0
0.0,0.0,0.0
0.0,0.0,0.0
0.0,0.0,0.0
0.0,0.0,0.0
0.0,0.0,0.0
0.0,0.0,0.0
0.0,0.0,0.0
0.0,0.0,0.0
0.0,0.0,0.0
0.0,0.0,0.0
0.0,0.0,0.0
0.0,0.0,0.0
0.0,0.0,0.0
0.0,0.0,0.0
0.0,0.0,0.0
0.0,0.0,0.0
0.0,1741.1395254611955,0.0
0.0,2188.7638079166395,0.0
0.0,1323.0899021610896,0.0
0.0,775.9722033738897,0.0
0.0,1674.1854796290415,0.0
0.0,2338.376776289928,0.0
0.0,1046.1485756193006,0.0
0.0,981.2512224197419,0.0
0.0,0.0,0.0
0.0,0.0,0.0
0.0,1262.8775637701117,0.0
0.0,216.59662658360452,0.0
0.0,0.0,0.0
0.0,2755.9648705274603,0.0
0.0,0.0,0.0
0.0,0.0,0.0
0.0,2121.005880854205,0.0
0.0,1629.4153916802488,0.0
0.0,1727.481999707268,0.0
0.0,2597.4293516637813,0.0
0.0,3542.1829164743453,0.0
0.0,1873.6887150764526,0.0
0.0,2664.0233194828024,0.0
0.0,2553.8834558963817,0.0
0.0,2396.4007730484045,0.0
0.0,2329.639413120758,0.0
0.0,1725.6458906292883,0.0
0.0,1069.7801484823192,0.0
0.0,1625.1649894118277,0.0
0.0,1949.540835757347,0.0
0.0,3468.552036333075,0.0
0.0,1216.153880520535,0.0
0.0,1585.8646269640867,0.0
0.0,2109.62137275957,0.0
0.0,2165.3766477583995,0.0
0.0,0.0,0.0
0.0,2978.6406406402657,0.0
0.0,0.0,0.0
0.0,3477.2913337707428,0.0
0.0,0.0,0.0
0.0,2004.0680747986282,0.0
0.0,2338.9137595653515,0.0
0.0,2905.720920795661,0.0
0.0,0.0,0.0
0.0,3544.1207170486496,0.0
0.0,0.0,0.0
0.0,0.0,0.0
0.0,0.0,0.0
0.0,0.0,0.0
0.0,0.0,0.0
0.0,2019.058935928378,0.0
0.0,0.0,0.0
0.0,652.2577143344135,0.0
0.0,0.0,0.0
0.0,7495.514999389646,0.0
0.0,6892.666382217418,0.0
0.0,7064.0275662349095,0.0
0.0,4990.096055555342,0.0
0.0,3595.9419928218476,0.0
0.0,1342.3343799113911,0.0
0.0,3124.404546961749,0.0
0.0,3152.7855123520717,0.0
0.0,8157.057994482828,0.0
0.0,3259.124671852584,0.0
0.0,2097.134834575672,0.0
0.0,2263.1251482009848,0.0
0.0,1757.075696409762,0.0
0.0,2072.350969123842,0.0
0.0,3286.465454691644,0.0
0.0,3421.4316736221394,0.0
0.0,2805.8820297479638,0.0
0.0,3810.8980359401635,0.0
0.0,1509.2163495932123,0.0
0.0,2961.3011228323016,0.0
0.0,2679.0401298523843,0.0
0.0,3578.4363114186176,0.0
0.0,4581.392455306657,0.0
0.0,0.0,0.0
0.0,3441.9663719177197,0.0
0.0,2953.404187526675,0.0
0.0,0.0,0.0
0.0,2403.722993424125,0.0
0.0,2410.447914162274,0.0
0.0,2885.552741050704,0.0
0.0,3082.9163967639447,0.0
0.0,3290.015132999427,0.0
0.0,2189.381508708007,0.0
0.0,5528.158187007886,0.0
0.0,1518.6685269832992,0.0
0.0,1674.4173362684796,0.0
0.0,2137.8949797153487,0.0
0.0,0.0,0.0
0.0,0.0,0.0
0.0,0.0,0.0
0.0,16401.65276031521,0.0
0.0,42540.30347134859,0.0
0.0,10424.480176544415,0.0
0.0,22093.167936468668,0.0
0.0,16554.88662611098,0.0
0.0,34496.22972297665,0.0
0.0,19704.028825759877,0.0
0.0,25623.963069746373,0.0
0.0,1559.6789478421226,0.0
0.0,1546.2326715562942,0.0
0.0,868.6941613674005,0.0
0.0,2027.406696115751,0.0
0.0,2041.65710105896,0.0
0.0,1719.527637394647,0.0
0.0,1900.1416310310753,0.0
0.0,0.0,0.0
0.0,339.30754742624225,0.0
0.0,0.0,0.0
0.0,0.0,0.0
0.0,0.0,0.0
0.0,0.0,0.0
0.0,0.0,0.0
0.0,0.0,0.0
0.0,0.0,0.0
0.0,0.0,0.0
0.0,0.0,0.0
0.0,0.0,0.0
0.0,0.0,0.0
0.0,0.0,0.0
0.0,0.0,0.0
0.0,0.0,0.0
0.0,0.0,0.0
0.0,0.0,0.0
0.0,0.0,0.0
0.0,0.0,0.0
0.0,0.0,0.0
0.0,0.0,0.0
0.0,0.0,0.0
0.0,0.0,0.0
0.0,0.0,0.0
0.0,0.0,0.0
0.0,0.0,0.0
0.0,0.0,0.0
0.0,0.0,0.0
0.0,0.0,0.0
0.0,0.0,0.0
0.0,0.0,0.0
0.0,0.0,0.0
0.0,0.0,0.0
0.0,0.0,0.0
0.0,0.0,0.0
0.0,0.0,0.0
0.0,0.0,0.0
0.0,0.0,0.0
0.0,0.0,0.0
0.0,0.0,0.0
0.0,0.0,0.0
0.0,0.0,0.0
0.0,0.0,0.0
0.0,0.0,0.0
0.0,0.0,0.0
0.0,0.0,0.0
0.0,0.0,0.0
0.0,0.0,0.0
0.0,0.0,0.0
0.0,0.0,0.0
0.0,0.0,0.0
0.0,0.0,0.0
0.0,0.0,0.0
0.0,0.0,0.0
0.0,0.0,0.0
0.0,3066.802805483414,0.0
0.0,4217.908315324782,0.0
0.0,3557.9514513049276,0.0
0.0,4320.801751422878,0.0
0.0,4347.609767293927,0.0
0.0,4007.7102054477723,0.0
0.0,2050.068529748909,0.0
0.0,1470.6548407554576,0.0
0.0,0.0,0.0
0.0,989.1257720842107,0.0
0.0,0.0,0.0
0.0,0.0,0.0
0.0,0.0,0.0
0.0,0.0,0.0
0.0,860.8208003044124,0.0
0.0,0.0,0.0
0.0,0.0,0.0
0.0,0.0,0.0
0.0,0.0,0.0
0.0,0.0,0.0
0.0,0.0,0.0
0.0,0.0,0.0
0.0,0.0,0.0
0.0,0.0,0.0
0.0,0.0,0.0
0.0,0.0,0.0
0.0,0.0,0.0
0.0,2421.1896558822423,0.0
0.0,0.0,0.0
0.0,3795.082887342954,0.0
0.0,0.0,0.0
0.0,0.0,0.0
0.0,1962.750141284995,0.0
0.0,5981.978834707451,0.0
0.0,7898.382108354507,0.0
0.0,2309.996576467081,0.0
0.0,6471.954292678835,0.0
0.0,0.0,0.0
0.0,0.0,0.0
0.0,6940.428660566862,0.0
0.0,8028.370297409538,0.0
0.0,3575.8751966142468,0.0
0.0,5464.043515205379,0.0
0.0,3943.690858256867,0.0
0.0,3964.654068629042,0.0
0.0,4666.905224609374,0.0
0.0,2543.522877121046,0.0
0.0,3056.416323433282,0.0
0.0,2899.489448404317,0.0
0.0,3489.1931023597767,0.0
0.0,0.0,0.0
0.0,4016.267289257117,0.0
0.0,165.0842278798042,0.0
0.0,0.0,0.0
0.0,4110.047245693206,0.0
0.0,0.0,0.0
0.0,0.0,0.0
0.0,5696.263599260187,0.0
0.0,0.0,0.0
0.0,0.0,0.0
0.0,0.0,0.0
0.0,42789.315655518716,0.0
0.0,0.0,0.0
0.0,0.0,0.0
0.0,0.0,0.0
0.0,0.0,0.0
0.0,0.0,0.0
0.0,0.0,0.0
0.0,0.0,0.0
0.0,0.0,0.0
0.0,3198.338104679285,0.0
0.0,2400.36776265064,0.0
0.0,0.0,0.0
0.0,1586.8712874174128,0.0
0.0,2695.707613044972,0.0
0.0,1857.2714740753265,0.0
0.0,2272.2103637134323,0.0
0.0,1943.3089202367837,0.0
0.0,1326.8624877869256,0.0
0.0,2429.597778868685,0.0
0.0,1735.2643911838554,0.0
0.0,2185.9747638225595,0.0
0.0,0.0,0.0
0.0,3399.407353734965,0.0
0.0,0.0,0.0
0.0,0.0,0.0
0.0,0.0,0.0
0.0,0.0,0.0
0.0,0.0,0.0
0.0,0.0,0.0
0.0,13827.422039413503,0.0
0.0,0.0,0.0
0.0,0.0,0.0
0.0,0.0,0.0
0.0,0.0,0.0
0.0,0.0,0.0
0.0,5153.174937772744,0.0
0.0,0.0,0.0
0.0,0.0,0.0
0.0,0.0,0.0
0.0,0.0,0.0
0.0,0.0,0.0
0.0,0.0,0.0
0.0,0.0,0.0
0.0,0.0,0.0
0.0,0.0,0.0
0.0,0.0,0.0
0.0,0.0,0.0
0.0,0.0,0.0
0.0,0.0,0.0
0.0,0.0,0.0
0.0,0.0,0.0
0.0,0.0,0.0
0.0,0.0,0.0
0.0,910.4323945022837,0.0
0.0,2223.727676177023,0.0
0.0,1075.6262223969154,0.0
0.0,1095.3236753463482,0.0
0.0,1724.1038282394422,0.0
0.0,2075.2855878353175,0.0
0.0,994.1388401985002,0.0
0.0,1153.1920382976552,0.0
0.0,0.0,0.0
0.0,0.0,0.0
0.0,1219.6344506534545,0.0
0.0,287.77391790801767,0.0
0.0,0.0,0.0
0.0,3113.4920581817596,0.0
0.0,0.0,0.0
0.0,0.0,0.0
0.0,2130.57734670639,0.0
0.0,1527.219413530858,0.0
0.0,1818.191096687361,0.0
0.0,2656.744116449555,0.0
0.0,3200.1695072174116,0.0
0.0,3171.812445031452,0.0
0.0,2318.480677032467,0.0
0.0,2611.918228197101,0.0
0.0,2014.9096076488886,0.0
0.0,1647.5843535542515,0.0
0.0,1452.417268347738,0.0
0.0,978.1591551780705,0.0
0.0,1620.0172183885566,0.0
0.0,2249.779805881528,0.0
0.0,3429.8861504554643,0.0
0.0,1318.378642716254,0.0
0.0,1444.7497890233985,0.0
0.0,1989.682403552534,0.0
0.0,2049.5005693137637,0.0
0.0,0.0,0.0
0.0,2762.282537698754,0.0
0.0,0.0,0.0
0.0,2310.5104085445446,0.0
0.0,0.0,0.0
0.0,798.9654129028686,0.0
0.0,2275.3080629110264,0.0
0.0,2878.60458674258,0.0
0.0,0.0,0.0
0.0,2903.5405748367352,0.0
0.0,0.0,0.0
0.0,0.0,0.0
0.0,0.0,0.0
0.0,0.0,0.0
0.0,0.0,0.0
0.0,1839.8049923610467,0.0
0.0,0.0,0.0
0.0,0.0,0.0
0.0,0.0,0.0
0.0,6103.324147033687,0.0
0.0,6597.412545452029,0.0
0.0,7012.360009240218,0.0
0.0,5121.3113859891855,0.0
0.0,2497.714160628682,0.0
0.0,2140.103458690498,0.0
0.0,2699.0449853777877,0.0
0.0,2870.6750599861975,0.0
0.0,9849.564676565882,0.0
0.0,2557.727057003977,0.0
0.0,2518.1087157249367,0.0
0.0,1097.2664347648972,0.0
0.0,64.1402886172694,0.0
0.0,1793.6032733917134,0.0
0.0,3058.5434563279086,0.0
0.0,2825.433973693853,0.0
0.0,2584.976739847672,0.0
0.0,3507.9459882391175,0.0
0.0,1073.1707875251836,0.0
0.0,3250.8545947492134,0.0
0.0,2440.4351399421735,0.0
0.0,3446.262317164126,0.0
0.0,4356.916819148795,0.0
0.0,0.0,0.0
0.0,3675.9718358993496,0.0
0.0,2884.7161901056866,0.0
0.0,0.0,0.0
0.0,2079.8168207181916,0.0
0.0,3171.3419590383887,0.0
0.0,2432.7860534668766,0.0
0.0,3309.6979009628253,0.0
0.0,3165.6391489982584,0.0
0.0,1866.3322648763692,0.0
0.0,5433.426385498031,0.0
0.0,1502.6326049685215,0.0
0.0,1851.0996501314687,0.0
0.0,2192.3322350502026,0.0
0.0,0.0,0.0
0.0,0.0,0.0
0.0,0.0,0.0
0.0,12106.951773071392,0.0
0.0,30662.78729200423,0.0
0.0,11343.43904571518,0.0
0.0,22776.95123748826,0.0
0.0,14366.217045268993,0.0
0.0,18273.79958648717,0.0
0.0,17969.19234466616,0.0
0.0,22658.592187500974,0.0
0.0,1412.4828316688556,0.0
0.0,1833.440164584551,0.0
0.0,149.7124504089201,0.0
0.0,1980.9037689208994,0.0
0.0,880.8944260836095,0.0
0.0,1507.9604469381711,0.0
0.0,1778.0832621097961,0.0
0.0,0.0,0.0
0.0,493.3202352106736,0.0
0.0,0.0,0.0
0.0,0.0,0.0
0.0,0.0,0.0
0.0,0.0,0.0
0.0,0.0,0.0
0.0,0.0,0.0
0.0,0.0,0.0
0.0,0.0,0.0
0.0,0.0,0.0
0.0,0.0,0.0
0.0,0.0,0.0
0.0,0.0,0.0
0.0,0.0,0.0
0.0,0.0,0.0
0.0,0.0,0.0
0.0,0.0,0.0
0.0,0.0,0.0
0.0,0.0,0.0
0.0,0.0,0.0
0.0,0.0,0.0
0.0,0.0,0.0
0.0,0.0,0.0
0.0,0.0,0.0
0.0,0.0,0.0
0.0,0.0,0.0
0.0,0.0,0.0
0.0,0.0,0.0
0.0,0.0,0.0
0.0,0.0,0.0
0.0,0.0,0.0
0.0,0.0,0.0
0.0,0.0,0.0
0.0,0.0,0.0
0.0,0.0,0.0
0.0,0.0,0.0
0.0,0.0,0.0
0.0,0.0,0.0
0.0,0.0,0.0
0.0,0.0,0.0
0.0,0.0,0.0
0.0,0.0,0.0
0.0,0.0,0.0
0.0,0.0,0.0
0.0,0.0,0.0
0.0,0.0,0.0
0.0,0.0,0.0
0.0,0.0,0.0
0.0,0.0,0.0
0.0,0.0,0.0
0.0,0.0,0.0
0.0,0.0,0.0
0.0,0.0,0.0
0.0,0.0,0.0
0.0,0.0,0.0
0.0,3459.888833520909,0.0
0.0,3868.5673691272623,0.0
0.0,4627.377590084082,0.0
0.0,4483.363135671607,0.0
0.0,4551.267640411835,0.0
0.0,2610.662266111403,0.0
0.0,2009.8869583129838,0.0
0.0,1507.1994696855504,0.0
0.0,0.0,0.0
0.0,991.1541015624996,0.0
0.0,0.0,0.0
0.0,0.0,0.0
0.0,0.0,0.0
0.0,0.0,0.0
0.0,773.2319999694829,0.0
0.0,0.0,0.0
0.0,0.0,0.0
0.0,0.0,0.0
0.0,0.0,0.0
0.0,0.0,0.0
0.0,0.0,0.0
0.0,0.0,0.0
0.0,0.0,0.0
0.0,0.0,0.0
0.0,0.0,0.0
0.0,0.0,0.0
0.0,114.63953766822804,0.0
0.0,2602.829326751031,0.0
0.0,0.0,0.0
0.0,2480.2762639381863,0.0
0.0,0.0,0.0
0.0,0.0,0.0
0.0,1654.7482367885793,0.0
0.0,5941.878457069403,0.0
0.0,7815.766324043205,0.0
0.0,1767.7097728281396,0.0
0.0,5952.645586299899,0.0
0.0,0.0,0.0
0.0,0.0,0.0
0.0,7147.765837080532,0.0
0.0,9032.62663021087,0.0
0.0,3205.453553199756,0.0
0.0,2535.2195767402627,0.0
0.0,3220.3056550587426,0.0
0.0,3040.671796954968,0.0
0.0,4171.379925537106,0.0
0.0,3082.855518698705,0.0
0.0,2547.628672885906,0.0
0.0,3342.775595664989,0.0
0.0,3810.882371711653,0.0
0.0,0.0,0.0
0.0,3899.2323311806604,0.0
0.0,161.7628855650075,0.0
0.0,0.0,0.0
0.0,3658.1246922492855,0.0
0.0,0.0,0.0
0.0,0.0,0.0
0.0,6265.156111145622,0.0
0.0,0.0,0.0
0.0,0.0,0.0
0.0,0.0,0.0
0.0,25461.526235200152,0.0
0.0,0.0,0.0
0.0,0.0,0.0
0.0,0.0,0.0
0.0,0.0,0.0
0.0,2.204581234976651e-07,0.0
0.0,0.0,0.0
0.0,0.0,0.0
0.0,0.0,0.0
0.0,3148.147896572356,0.0
0.0,1498.893933010062,0.0
0.0,0.0,0.0
0.0,1938.5201690912334,0.0
0.0,3043.0807994723314,0.0
0.0,1673.9370788693843,0.0
0.0,2148.4873783057574,0.0
0.0,2173.504235839839,0.0
0.0,1265.2107757210822,0.0
0.0,2438.026136744018,0.0
0.0,1995.8260142326412,0.0
0.0,2172.321972199026,0.0
0.0,0.0,0.0
0.0,2911.5516126155853,0.0
0.0,0.0,0.0
0.0,0.0,0.0
0.0,0.0,0.0
0.0,0.0,0.0
0.0,0.0,0.0
0.0,0.0,0.0
0.0,21726.775759887598,0.0
0.0,0.0,0.0
0.0,0.0,0.0
0.0,0.0,0.0
0.0,0.0,0.0
0.0,0.0,0.0
0.0,3997.840844337063,0.0
0.0,0.0,0.0
0.0,0.0,0.0
0.0,0.0,0.0
0.0,0.0,0.0
0.0,0.0,0.0
0.0,0.0,0.0
0.0,0.0,0.0
0.0,0.0,0.0
0.0,0.0,0.0
0.0,0.0,0.0
0.0,0.0,0.0
0.0,0.0,0.0
0.0,0.0,0.0
0.0,0.0,0.0
0.0,0.0,0.0
0.0,0.0,0.0
0.0,0.0,0.0
0.0,348.52215580875463,0.0
0.0,2190.994982028005,0.0
0.0,637.16808931303,0.0
0.0,1403.3136914968243,0.0
0.0,2017.5870100975442,0.0
0.0,2284.468361496921,0.0
0.0,777.1494977235999,0.0
0.0,1121.4422684192675,0.0
0.0,0.0,0.0
0.0,0.0,0.0
0.0,1265.4345013350237,0.0
0.0,224.56235584185796,0.0
0.0,0.0,0.0
0.0,2765.690976885035,0.0
0.0,0.0,0.0
0.0,0.0,0.0
0.0,1972.9609369278357,0.0
0.0,1594.331555341708,0.0
0.0,2134.031792783744,0.0
0.0,2248.165780256889,0.0
0.0,4062.876420402538,0.0
0.0,1838.0467285156724,0.0
0.0,2160.4495910644587,0.0
0.0,2371.4180345798814,0.0
0.0,395.9799525738078,0.0
0.0,1486.5242248713942,0.0
0.0,1728.2976616382568,0.0
0.0,1174.5916634738417,0.0
0.0,2008.8714060724194,0.0
0.0,2238.9715060663716,0.0
0.0,3349.9614974498636,0.0
0.0,1437.3885667085615,0.0
0.0,1749.7772551059752,0.0
0.0,2100.6792857246887,0.0
0.0,2057.436449456213,0.0
0.0,0.0,0.0
0.0,2945.3789835929856,0.0
0.0,0.0,0.0
0.0,1273.069342583465,0.0
0.0,0.0,0.0
0.0,629.8455255508785,0.0
0.0,1999.062010359766,0.0
0.0,2422.7779657578835,0.0
0.0,0.0,0.0
0.0,2937.617450714114,0.0
0.0,0.0,0.0
0.0,0.0,0.0
0.0,0.0,0.0
0.0,0.0,0.0
0.0,0.0,0.0
0.0,2294.688110542368,0.0
0.0,0.0,0.0
0.0,0.0,0.0
0.0,0.0,0.0
0.0,6888.105733871456,0.0
0.0,6819.795565853023,0.0
0.0,6338.1912099361,0.0
0.0,4900.632876110068,0.0
0.0,3128.9946793502518,0.0
0.0,1906.2417885780296,0.0
0.0,3022.456305766108,0.0
0.0,3189.962267398917,0.0
0.0,8156.075725396531,0.0
0.0,2988.8494251251213,0.0
0.0,1228.7665921531589,0.0
0.0,1735.1681927681327,0.0
0.0,2165.8667860745736,0.0
0.0,2801.4735251068837,0.0
0.0,3394.6616168948103,0.0
0.0,2095.812134361268,0.0
0.0,3149.2484882593153,0.0
0.0,4327.8825609531705,0.0
0.0,1069.0597906113112,0.0
0.0,2992.149266630423,0.0
0.0,1109.2355949401854,0.0
0.0,3771.8754917621563,0.0
0.0,4106.892287793765,0.0
0.0,0.0,0.0
0.0,3855.5135559935475,0.0
0.0,3273.2042197084656,0.0
0.0,0.0,0.0
0.0,3093.7802995681704,0.0
0.0,3657.039159649614,0.0
0.0,2786.26792653986,0.0
0.0,2156.684690952303,0.0
0.0,3572.447795438765,0.0
0.0,2266.01317398619,0.0
0.0,5519.112526941285,0.0
0.0,1519.7530994415697,0.0
0.0,1492.8234188377878,0.0
0.0,2333.481548881533,0.0
0.0,0.0,0.0
0.0,0.0,0.0
0.0,10940.037445640153,0.0
0.0,22647.429281616234,0.0
0.0,9261.426068115243,0.0
0.0,26404.829488373292,0.0
0.0,23828.026413726144,0.0
0.0,35236.72231483434,0.0
0.0,20493.73511962954,0.0
0.0,25199.3525329601,0.0
0.0,1547.1000006914153,0.0
0.0,1782.2742609542336,0.0
0.0,951.4680257119959,0.0
0.0,2008.3477069832488,0.0
0.0,1955.357605743406,0.0
0.0,1403.1591296009706,0.0
0.0,1639.0966133832958,0.0
0.0,0.0,0.0
0.0,477.4205326616767,0.0
0.0,0.0,0.0
0.0,0.0,0.0
0.0,0.0,0.0
0.0,0.0,0.0
0.0,0.0,0.0
0.0,0.0,0.0
0.0,0.0,0.0
0.0,0.0,0.0
0.0,0.0,0.0
0.0,0.0,0.0
0.0,0.0,0.0
0.0,0.0,0.0
0.0,0.0,0.0
0.0,0.0,0.0
0.0,0.0,0.0
0.0,0.0,0.0
0.0,0.0,0.0
0.0,0.0,0.0
0.0,0.0,0.0
0.0,0.0,0.0
0.0,0.0,0.0
0.0,0.0,0.0
0.0,0.0,0.0
0.0,0.0,0.0
0.0,0.0,0.0
0.0,0.0,0.0
0.0,0.0,0.0
0.0,0.0,0.0
0.0,0.0,0.0
0.0,0.0,0.0
0.0,0.0,0.0
0.0,0.0,0.0
0.0,0.0,0.0
0.0,0.0,0.0
0.0,0.0,0.0
0.0,0.0,0.0
0.0,0.0,0.0
0.0,0.0,0.0
0.0,0.0,0.0
0.0,0.0,0.0
0.0,0.0,0.0
0.0,0.0,0.0
0.0,0.0,0.0
0.0,0.0,0.0
0.0,0.0,0.0
0.0,0.0,0.0
0.0,0.0,0.0
0.0,0.0,0.0
0.0,0.0,0.0
0.0,0.0,0.0
0.0,0.0,0.0
0.0,0.0,0.0
0.0,0.0,0.0
0.0,0.0,0.0
